variant,seed,arrivals,started,completed,waiting,in_service,wait_started,wait_censored,objective,max_queue,icu_saturation,fatigue_mean,weighted_queue_area,runtime_s,wait_p0,coverage_p0,wait_p1,coverage_p1,wait_p2,coverage_p2,util_beds,util_icu,util_ventilators,util_doctors,util_nurses
dt_05,1000,148,75,67,73,8,120.30894397082989,211.9301735581089,177.29091428883712,85,0.928125,0.8549957499019195,62182.0,0.46685540000908077,86.59533517605581,1.0,159.4364461717374,0.746031746031746,319.2714366396545,0.05,0.3375,0.9473958333333333,0.5427083333333333,0.9799479166666667,0.6532986111111111
dt_05,1001,135,96,88,39,8,164.16385183709102,192.72750846816032,182.93252771772822,73,0.9572916666666667,0.864106844622393,66981.0,0.37102239998057485,184.94944947434098,0.7,55.017571601094645,1.0,285.9411295687501,0.5344827586206896,0.33350694444444445,0.9776041666666667,0.5329861111111112,0.9890625,0.659375
dt_05,1002,156,79,71,77,8,119.9086136148649,217.48398489145197,178.90516458856536,93,0.9260416666666667,0.8657989541811979,65507.0,0.4709296999499202,133.98439648022824,0.8387096774193549,106.98774389780002,0.9803921568627451,328.6163569377247,0.04054054054054054,0.3419270833333333,0.9557291666666666,0.6670138888888889,0.9907552083333333,0.6605034722222223
dt_05,1003,148,81,73,67,8,144.35415804252295,218.47610927961918,199.2390924155495,84,0.934375,0.867230696759606,78456.5,0.47255250002490357,167.91062722515403,0.7714285714285715,142.75945608026885,0.8983050847457628,333.97748725495154,0.018518518518518517,0.3463541666666667,0.9453125,0.6479166666666667,0.9921875,0.6614583333333334
dt_05,1004,142,87,79,55,8,125.84262134222382,189.57183695276157,147.36305365966734,74,0.9635416666666666,0.8621544073792198,49287.5,0.41397629998391494,114.64663424287616,0.896551724137931,66.3429807939326,1.0,299.64285941037247,0.2463768115942029,0.3338541666666667,0.97265625,0.48368055555555556,0.987109375,0.6580729166666667
dt_05,1005,154,81,73,73,8,116.07114660498307,216.87685948490133,185.97342435313462,94,0.9083333333333333,0.8635861599021004,69883.5,0.4930110000423156,150.93256160483654,0.7352941176470589,107.12849942096406,1.0,330.489504284655,0.07246376811594203,0.34869791666666666,0.9309895833333334,0.78125,0.9885416666666667,0.6590277777777778
dt_05,1006,168,80,72,88,8,114.57531017932395,228.65985567890752,208.03811293261157,106,0.946875,0.8629353792717619,84035.0,0.5679965000017546,198.3242947594327,0.6756756756756757,87.00545505434593,1.0,336.1085213307781,0.0379746835443038,0.33619791666666665,0.9671875,0.5527777777777778,0.987890625,0.65859375
dt_05,1007,149,83,75,66,8,133.5133820505752,206.49840132491627,189.75419883018725,87,0.93125,0.8535641302608995,71541.5,0.42770579998614267,139.93519735007874,0.896551724137931,158.28396069865732,0.7692307692307693,298.5760659790457,0.12727272727272726,0.3341145833333333,0.9546875,0.8381944444444445,0.978515625,0.65234375
dt_05,1008,158,84,76,74,8,133.02897152267875,227.8035114256564,188.0723619404376,99,0.9302083333333333,0.8639766497880057,71207.5,0.499042899988126,140.08698151389106,0.9655172413793104,129.2823493816848,0.9137931034482759,344.1134658762416,0.04225352112676056,0.33828125,0.9630208333333333,0.6597222222222222,0.9889322916666666,0.6592881944444444
dt_05,1009,171,82,74,89,8,133.52553823337811,224.5693769524468,195.0346006941255,102,0.9395833333333333,0.8673608702433441,79329.0,0.5220592000405304,138.71200865261096,0.8125,142.77072180374208,0.803030303030303,336.16043209503937,0.0410958904109589,0.3373263888888889,0.97265625,0.7913194444444445,0.9923177083333333,0.6615451388888889
dt_05,1010,167,80,72,87,8,134.04765435914274,223.1705513192029,209.76282838703418,105,0.9239583333333333,0.8589005232638927,85689.5,0.49704829999245703,171.71870738553042,0.6486486486486487,144.58242024570666,0.8448275862068966,312.91818781654547,0.09722222222222222,0.34366319444444443,0.93671875,0.7475694444444444,0.9838541666666667,0.6559027777777777
dt_05,1011,154,82,74,72,8,126.81941531715592,214.41789027926785,182.69418318853974,91,0.9354166666666667,0.8643671490097746,67612.5,0.48113369999919087,148.59028846950218,0.9285714285714286,117.68650834695607,0.9322033898305084,327.1092990058325,0.014925373134328358,0.3404513888888889,0.9572916666666667,0.8131944444444444,0.9893229166666667,0.6595486111111111
dt_05,1012,146,86,78,60,8,124.639180673469,192.9072382078286,153.76493655864613,82,0.9072916666666667,0.8633258937461489,54445.0,0.42618880001828074,121.24337004865924,0.7714285714285715,60.00328654082123,1.0,313.83525743212635,0.23529411764705882,0.33541666666666664,0.9703125,0.5024305555555556,0.98828125,0.6588541666666666
dt_05,1013,155,82,74,73,8,135.71475308145585,215.54726757298752,185.26570280324782,91,0.9260416666666667,0.861894052103715,70682.5,0.4692184000159614,134.26689917835043,0.8125,137.04299625733339,0.896551724137931,325.61218334123873,0.06153846153846154,0.3388888888888889,0.95703125,0.6201388888888889,0.9868489583333333,0.6578993055555555
dt_05,1014,165,85,77,80,8,119.13908974392523,194.3204901043718,178.1897176808107,91,0.928125,0.8643671571387332,72291.0,0.43888669996522367,134.85279008325216,0.7027027027027027,128.32100231131696,0.85,284.9127572862059,0.11764705882352941,0.3424479166666667,0.9513020833333333,0.5989583333333334,0.9893229166666667,0.6595486111111111
dt_05,1015,151,79,71,72,8,108.6474434739558,215.4649994657461,177.29858857293422,87,0.9302083333333333,0.8700942854793767,62548.5,0.43579449999378994,144.30248188212835,0.8333333333333334,88.19742147716629,1.0,328.3926607117785,0.0821917808219178,0.34149305555555554,0.965625,0.434375,0.9950520833333333,0.6633680555555556
dt_05,1016,181,80,73,101,7,115.2175734653481,224.31270563257743,189.01567263172396,110,0.8604166666666667,0.8628052407032621,78360.0,0.5807862000074238,135.96679251701755,0.7142857142857143,113.65108430042662,0.8387096774193549,342.8023185092197,0.03571428571428571,0.3485243055555556,0.9299479166666667,0.6420138888888889,0.9877604166666667,0.6585069444444445
dt_05,1017,138,92,84,46,8,146.12022894565445,191.46709216103872,131.3796938284536,73,0.7458333333333333,0.8676211835203786,40709.5,0.3652647999697365,68.63892980404637,0.9583333333333334,73.00863088835983,1.0,301.5105820224322,0.375,0.3624131944444444,0.8979166666666667,0.37916666666666665,0.992578125,0.66171875
dt_05,1018,154,86,78,68,8,102.11848790259751,190.83489398901622,161.5552014986003,78,0.9604166666666667,0.8631957045535408,57566.0,0.4003832000307739,118.42573939091207,0.8709677419354839,105.55513748974519,0.9787234042553191,273.1090038312131,0.17105263157894737,0.33315972222222223,0.9768229166666667,0.8006944444444445,0.9881510416666667,0.6587673611111111
dt_05,1019,177,79,71,98,8,134.6068325063394,240.5795181993901,206.8823280812869,112,0.9458333333333333,0.8704847798404686,82508.5,0.6152753999922425,149.20927282833316,0.8333333333333334,140.1089601212773,0.7936507936507936,348.5646672476379,0.047619047619047616,0.34305555555555556,0.96171875,0.346875,0.9954427083333334,0.6636284722222222
dt_05,1020,171,83,75,88,8,111.46187365029816,215.03549021368303,185.91488124336473,99,0.9729166666666667,0.8707451124640163,77329.5,0.44800049997866154,151.49951089670236,0.725,99.79420754536532,0.9807692307692307,323.0606278267431,0.0379746835443038,0.33567708333333335,0.984375,0.5572916666666666,0.995703125,0.6638020833333333
dt_05,1021,172,84,76,88,8,116.06638340095829,208.0158060201397,183.22273019208342,96,0.94375,0.8689228125580016,76735.5,0.502878800034523,147.29265762132158,0.6923076923076923,106.51544664788413,0.9137931034482759,318.08545443540277,0.05333333333333334,0.33914930555555556,0.9703125,0.5479166666666667,0.9938802083333333,0.6625868055555556
dt_05,1022,171,87,79,84,8,125.16252478175805,220.15975155386835,170.79879174963781,100,0.5802083333333333,0.8648877821358276,63102.5,0.5434294000151567,38.522842537845364,1.0,159.0796147852628,0.8955223880597015,318.79854621056444,0.06097560975609756,0.39817708333333335,0.78515625,0.6027777777777777,0.98984375,0.6598958333333333
dt_05,1023,146,83,75,63,8,125.08794895471256,218.19046222638045,180.90244451372112,88,0.9385416666666667,0.8634560262043063,64507.5,0.4533934000064619,155.86331957498822,0.8387096774193549,89.6213380497141,1.0,339.13761719165126,0.13432835820895522,0.3388888888888889,0.96015625,0.6517361111111111,0.9884114583333333,0.6589409722222223
dt_05,1024,162,79,71,83,8,102.06807897629862,203.9757322270517,165.01733422657992,89,0.9416666666666667,0.8596813568655947,60281.0,0.4476800999836996,110.07792798342268,0.8387096774193549,100.74623120317736,0.9803921568627451,306.16993827417787,0.0375,0.33567708333333335,0.9622395833333334,0.6184027777777777,0.9846354166666667,0.6564236111111111
dt_05,1025,152,78,70,74,8,96.03960248884047,206.42567241306173,156.26400754906442,85,0.9645833333333333,0.865148100640737,57233.0,0.3688221000484191,101.09971585301696,0.8181818181818182,87.56150821434979,0.9433962264150944,354.5401764890195,0.015151515151515152,0.33177083333333335,0.9848958333333333,0.6947916666666667,0.9901041666666667,0.6600694444444445
dt_05,1026,178,78,70,100,8,155.7740378173509,235.68051462285143,235.3741997040578,111,0.9489583333333333,0.8638465562025909,107726.5,0.5069923000410199,212.93106389921977,0.5813953488372093,154.8415084924801,0.7846153846153846,324.71996861699853,0.02857142857142857,0.3347222222222222,0.9734375,0.5038194444444445,0.9888020833333333,0.6592013888888889
dt_05,1027,143,89,81,54,8,112.7465756553914,179.04181939825645,131.82903054169628,73,0.95625,0.8609830123423943,43996.0,0.3759985999786295,89.71940655593961,0.9642857142857143,64.48031914515093,1.0,291.6629291261945,0.2318840579710145,0.3345486111111111,0.9682291666666667,0.5284722222222222,0.9859375,0.6572916666666667
dt_05,1028,161,81,73,80,8,110.05929578377575,203.5557016684297,188.38120320688714,95,0.965625,0.8639767083024517,73823.5,0.4777720999554731,175.96093179458134,0.75,91.19422822522068,0.9615384615384616,297.20239118220246,0.0547945205479452,0.3338541666666667,0.9763020833333333,0.8625,0.9889322916666666,0.6592881944444444
dt_05,1029,146,82,74,64,8,112.57305107716785,196.57932966613924,175.13871257830348,83,0.9010416666666666,0.8607226907484923,61185.0,0.4050167999812402,147.23152842386,0.8620689655172413,112.30082865400627,1.0,280.8332294666281,0.1044776119402985,0.34453125,0.9377604166666667,0.6319444444444444,0.9856770833333334,0.6571180555555556
dt_025,1000,148,75,67,73,8,119.72227730416321,211.6328762608116,176.89116491540352,85,0.9286458333333333,0.8552568534867244,62073.5,0.8227328000357375,86.21533517605582,1.0,158.89676363205484,0.746031746031746,319.2631033063211,0.05,0.3375434027777778,0.9477864583333333,0.5435763888888889,0.9802083333333333,0.6534722222222222
dt_025,1001,135,96,88,39,8,163.36958100375767,192.1626936533455,182.464312558804,73,0.9578125,0.8643028273336284,66837.25,0.6803946000291035,184.630699474341,0.7,54.3216256551487,1.0,285.2902674997846,0.5344827586206896,0.3335503472222222,0.9778645833333334,0.5338541666666666,0.9892578125,0.6595052083333334
dt_025,1002,156,79,71,77,8,119.19025918448516,217.1202028401699,178.40516458856536,93,0.9270833333333334,0.8660600097135711,65349.25,0.8216117999982089,133.55697712538952,0.8387096774193549,106.16911644681964,0.9803921568627451,328.59270828907603,0.04054054054054054,0.34197048611111114,0.9561197916666667,0.6678819444444445,0.991015625,0.6606770833333333
dt_025,1003,148,81,73,67,8,143.46835557338716,217.9913119823219,198.61777722280573,84,0.9354166666666667,0.8675568297826739,78233.0,0.7737802999909036,167.3463415108683,0.7714285714285715,141.88233743620106,0.8983050847457628,333.9728576253219,0.018518518518518517,0.3463541666666667,0.9459635416666666,0.6493055555555556,0.9925130208333334,0.6616753472222222
dt_025,1004,142,88,80,54,8,128.14374698383997,188.89225948797284,146.453720326334,74,0.9640625,0.8625456423816573,49050.75,0.7171556999674067,114.12939286356581,0.896551724137931,65.09866261211442,1.0,299.25517825095216,0.2608695652173913,0.33394097222222224,0.9731770833333333,0.48333333333333334,0.9875,0.6583333333333333
dt_025,1005,154,81,73,73,8,115.41991203708184,216.53432701736887,185.5039407850595,94,0.909375,0.8637821454160503,69735.25,0.8266339999972843,150.5134439577777,0.7352941176470589,106.38340138174837,1.0,330.48225790784346,0.07246376811594203,0.3486545138888889,0.9315104166666667,0.7814236111111111,0.9887369791666667,0.6591579861111111
dt_025,1006,168,80,72,88,8,113.54718517932395,228.1702723455742,207.44456807484352,106,0.946875,0.8632615307543045,83824.75,0.9175112000084482,198.0540244891624,0.6756756756756757,85.66891659280746,1.0,336.07371120419583,0.0379746835443038,0.336328125,0.9674479166666666,0.5536458333333333,0.9882161458333333,0.6588107638888889
dt_025,1007,149,83,75,66,8,132.89892421924986,206.15611944572163,189.28721769811176,87,0.93125,0.8536300223033841,71390.0,0.8033043999457732,139.40071459145804,0.896551724137931,157.74934531404196,0.7692307692307693,298.5624296154093,0.12727272727272726,0.33407118055555557,0.9549479166666667,0.8380208333333333,0.9785807291666667,0.6523871527777778
dt_025,1008,158,84,76,74,8,132.34742390363112,227.44116965350452,187.58011850368342,99,0.9302083333333333,0.8641075524902223,71044.75,0.9257194999954663,139.69042978975313,0.9655172413793104,128.49355627823653,0.9137931034482759,344.1134658762416,0.04225352112676056,0.33828125,0.96328125,0.659375,0.9890625,0.659375
dt_025,1009,171,82,74,89,8,132.50114798947567,224.07814888227134,194.39961149326157,102,0.9401041666666666,0.8678171646783743,79088.0,0.9600169999757782,138.25888365261096,0.8125,141.72905513707542,0.803030303030303,336.1501581224366,0.0410958904109589,0.3374565972222222,0.9731770833333333,0.7918402777777778,0.9927734375,0.6618489583333333
dt_025,1010,167,80,72,87,8,133.45077935914273,222.88462317549033,209.37661043831622,105,0.9244791666666666,0.8589663778773056,85573.0,0.9319098999840207,171.36735603417907,0.6486486486486487,143.99621334915494,0.8448275862068966,312.9077711498788,0.09722222222222222,0.3435329861111111,0.9372395833333333,0.7477430555555555,0.9839192708333333,0.6559461805555555
dt_025,1011,154,82,74,72,8,125.84075678057054,213.89678638316394,181.93447445067565,91,0.9364583333333333,0.8646932933287242,67348.75,0.8938401999766938,147.72421704093077,0.9285714285714286,116.74159309271879,0.9322033898305084,327.10556766254894,0.014925373134328358,0.3404079861111111,0.9580729166666667,0.8142361111111112,0.9896484375,0.659765625
dt_025,1012,146,86,78,60,8,128.63039123143471,192.34559437221216,153.17525596896553,82,0.9078125,0.8635218843266427,54250.5,0.7513756999978796,120.72908433437354,0.7714285714285715,59.212588866402626,0.9767441860465116,313.3940809615381,0.25,0.3353732638888889,0.9708333333333333,0.5026041666666666,0.9884765625,0.658984375
dt_025,1013,155,82,74,73,8,135.0470701546266,215.19404176653592,184.79934549466313,91,0.9270833333333334,0.8622202062057251,70531.75,0.8874160000123084,133.86846167835043,0.8125,136.33178936078167,0.896551724137931,325.60064487970027,0.06153846153846154,0.3389756944444444,0.957421875,0.6201388888888889,0.9871744791666667,0.6581163194444445
dt_025,1014,165,85,77,80,8,118.39791327333698,193.93867192255362,177.6588666169809,90,0.9291666666666667,0.8645631404388912,72098.75,0.9030442000366747,134.28522251568458,0.7027027027027027,127.64183564465029,0.85,284.8943749332647,0.11764705882352941,0.3423611111111111,0.951953125,0.5987847222222222,0.9895182291666667,0.6596788194444444
dt_025,1015,151,79,71,72,8,107.88478524610771,215.06599284322954,176.72617043691406,87,0.9307291666666667,0.8705505693458871,62371.0,0.8596620999742299,143.70248188212835,0.8333333333333334,87.39533814383294,1.0,328.3412908487648,0.0821917808219178,0.3415798611111111,0.9662760416666667,0.4354166666666667,0.9955078125,0.663671875
dt_025,1016,181,81,73,100,8,116.07830312190279,223.9853575662791,188.54431846505727,110,0.8609375,0.8631964740691236,78203.75,1.0625609999988228,135.495363945589,0.7142857142857143,112.96963268752339,0.8548387096774194,342.7963661282673,0.03571428571428571,0.34856770833333334,0.9305989583333333,0.6418402777777777,0.9881510416666667,0.6587673611111111
dt_025,1017,138,93,85,45,8,143.83379841594234,190.94172984219816,130.7561558167577,73,0.7447916666666666,0.8677520707505313,40592.0,0.719721200002823,68.33684647071304,1.0,72.47886898359792,1.0,300.91335980020995,0.375,0.3631510416666667,0.8959635416666667,0.38003472222222223,0.9927083333333333,0.6618055555555555
dt_025,1018,154,86,78,68,8,101.29872046073704,190.377101781224,160.89142978644148,78,0.9614583333333333,0.8635218589574528,57351.0,0.7889427000191063,117.76444906833143,0.8709677419354839,104.54981834080901,0.9787234042553191,273.0728196206868,0.17105263157894737,0.333203125,0.97734375,0.8019097222222222,0.9884765625,0.658984375
dt_025,1019,177,79,71,98,8,133.7334147848204,240.18968769091552,206.32217355590058,112,0.9458333333333333,0.8707458179633526,82307.75,1.1488391000311822,148.68427282833315,0.8333333333333334,139.26769028000746,0.7936507936507936,348.5616910571617,0.047619047619047616,0.3431423611111111,0.9619791666666667,0.346875,0.995703125,0.6638020833333333
dt_025,1020,171,84,76,87,8,109.7851970465029,214.77818027216256,185.15961808547002,99,0.9729166666666667,0.8710061472657605,77213.0,0.9819253999739885,151.10576089670235,0.725,99.25574600690379,1.0,323.05746326978107,0.0379746835443038,0.33567708333333335,0.9848958333333333,0.5583333333333333,0.9959635416666667,0.6639756944444445
dt_025,1021,172,84,76,88,8,115.155669115244,207.57103857827923,182.67976952955755,96,0.9447916666666667,0.8691838562755191,76538.25,1.0584145999746397,147.00419608286003,0.6923076923076923,105.3990673375393,0.9137931034482759,318.07878776873605,0.05333333333333334,0.3392795138888889,0.9704427083333333,0.5482638888888889,0.994140625,0.6627604166666666
dt_025,1022,171,87,79,84,8,124.0878121380799,219.61296792813735,170.23794837614383,100,0.5833333333333334,0.8650186833650797,62920.0,1.0779322999878787,39.23875162875446,1.0,157.45274911362102,0.8955223880597015,318.79549743007664,0.06097560975609756,0.3983072916666667,0.7850260416666667,0.6022569444444444,0.9899739583333333,0.6599826388888889
dt_025,1023,146,83,75,63,8,124.44638268965232,217.82573619898318,180.4370792744264,88,0.9385416666666667,0.8637170946769399,64378.75,0.7896954999887384,155.42783570402048,0.8387096774193549,88.95467138304743,1.0,339.0219455498602,0.13432835820895522,0.3388888888888889,0.9606770833333333,0.6519097222222222,0.988671875,0.6591145833333333
dt_025,1024,162,79,71,83,8,101.18833214085558,203.5467198813727,164.42127217407395,89,0.9421875,0.8600075225891862,60083.5,0.8172283999738283,109.61825056406784,0.8387096774193549,99.67760375219697,0.9803921568627451,306.1605632741779,0.0375,0.33576388888888886,0.9626302083333333,0.6184027777777777,0.9849609375,0.656640625
dt_025,1025,152,78,70,74,8,95.1325512067892,205.96021188674595,155.61270731265782,85,0.965625,0.8654091617311562,57015.0,0.8148931999458,100.45577645907755,0.8181818181818182,86.63226293133091,0.9433962264150944,354.5363886102316,0.015151515151515152,0.3318142361111111,0.9852864583333333,0.6953125,0.9903645833333333,0.6602430555555555
dt_025,1026,178,78,70,100,8,155.0112173045304,235.3462449599301,234.9382532413427,111,0.9494791666666667,0.8641076230466673,107563.25,1.0643716999911703,212.5473429689872,0.5813953488372093,154.17997003094163,0.7846153846153846,324.71996861699853,0.02857142857142857,0.33480902777777777,0.9736979166666667,0.5055555555555555,0.9890625,0.659375
dt_025,1027,143,90,82,53,8,115.04341112425313,178.23762359406064,130.76903054169628,73,0.9567708333333333,0.8612440894202145,43708.5,0.6503475999925286,89.02297798451104,0.9642857142857143,63.12162349297701,1.0,291.1846682566293,0.2463768115942029,0.3345920138888889,0.9686197916666667,0.5289930555555555,0.9861979166666667,0.6574652777777777
dt_025,1028,161,81,73,80,8,109.26608590723254,203.15663334544834,187.83345039789836,95,0.9661458333333334,0.8642377755766708,73631.75,0.8202835000120103,175.47482068347023,0.75,90.3096128406053,0.9615384615384616,297.19211720959976,0.0547945205479452,0.33389756944444443,0.9766927083333333,0.8618055555555556,0.9891927083333333,0.6594618055555556
dt_025,1029,146,83,75,63,8,116.05465492854427,196.22145295381048,174.1949785629582,83,0.9010416666666666,0.8609186917365559,61040.5,0.6851517999893986,146.8263560100669,0.8620689655172413,111.52082865400627,1.0,280.81084140692656,0.11940298507462686,0.3446180555555556,0.937890625,0.6314236111111111,0.9858723958333333,0.6572482638888889
sin_feedback,1000,148,104,99,44,5,132.56546460931844,183.78152490946024,125.46134035400003,77,0.74375,0.8544735407963149,46907.0,0.16162299999268726,44.99533517605582,1.0,113.45231918761041,1.0,315.4547699729878,0.26666666666666666,0.384375,0.8057291666666667,0.47291666666666665,0.9794270833333333,0.6529513888888889
sin_feedback,1001,135,127,119,8,8,147.32931740135714,146.83861957927144,135.42152527274047,64,0.95625,0.8635847283322514,51435.0,0.13139439997030422,146.19944947434098,0.875,34.38243646595951,1.0,219.01871577564663,0.9482758620689655,0.3333333333333333,0.9770833333333333,0.5479166666666667,0.9885416666666667,0.6590277777777778
sin_feedback,1002,156,113,106,43,7,151.35066026277104,186.63142078888782,129.1993534505508,86,0.8458333333333333,0.8651466885406313,49727.0,0.1802830999949947,88.67794486732502,1.0,69.409312525251,1.0,308.45419477556254,0.4189189189189189,0.3482638888888889,0.9354166666666667,0.5875,0.9901041666666667,0.6600694444444445
sin_feedback,1003,148,104,97,44,7,144.96853673186726,189.78016333367324,150.73569105500528,78,0.9354166666666667,0.8664482859399224,61697.0,0.20518390001961961,126.25348436801119,0.9428571428571428,99.42894760569257,1.0,329.671931699396,0.2222222222222222,0.34565972222222224,0.9458333333333333,0.6868055555555556,0.99140625,0.6609375
sin_feedback,1004,142,131,123,11,8,151.04307968824142,148.60352709360666,97.301720326334,65,0.7895833333333333,0.8617624372178933,34873.0,0.16842639999231324,72.80180665666924,1.0,38.52479897575079,1.0,250.65735216399565,0.8405797101449275,0.36961805555555555,0.8645833333333334,0.46875,0.98671875,0.6578125
sin_feedback,1005,154,110,103,44,7,139.5288413753404,187.3476387056806,137.37365909491868,87,0.9125,0.8628037207907192,53739.0,0.20337210001889616,108.1678557224836,0.9705882352941176,65.89320530331699,1.0,316.13443182088696,0.37681159420289856,0.34756944444444443,0.9328125,0.7652777777777777,0.9877604166666667,0.6585069444444445
sin_feedback,1006,168,110,102,58,8,157.01844618908183,200.74914139319324,166.99872562407765,95,0.9479166666666666,0.8625434218867869,69012.0,0.22323260002303869,163.0269974621354,0.8378378378378378,51.4669935158844,0.9807692307692307,316.67814158394265,0.35443037974683544,0.3359375,0.9671875,0.5472222222222223,0.9875,0.6583333333333333
sin_feedback,1007,149,104,96,45,8,112.4728541186223,179.6896764927015,140.67990637735707,80,0.8375,0.8526514408689941,55634.0,0.17314800003077835,96.21105941904425,1.0,116.49165300634965,1.0,298.39424779722754,0.18181818181818182,0.3454861111111111,0.91875,0.7652777777777777,0.9776041666666667,0.6517361111111111
sin_feedback,1008,158,118,110,40,8,161.61095285263607,198.27503041299818,140.00672948220372,89,0.7708333333333334,0.8635846997001412,55343.0,0.2094158999971114,96.08698151389106,1.0,88.64441834720205,1.0,329.5712123551148,0.43661971830985913,0.37118055555555557,0.8635416666666667,0.5618055555555556,0.9885416666666667,0.6590277777777778
sin_feedback,1009,171,104,96,67,8,107.18367511823028,200.46996174776842,149.3099786638879,95,0.8791666666666667,0.8667086184015541,62952.0,0.23325930000282824,97.25888365261098,1.0,101.12678240980269,1.0,335.53029510873796,0.0821917808219178,0.3420138888888889,0.9572916666666667,0.73125,0.9916666666666667,0.6611111111111111
sin_feedback,1010,167,99,92,68,7,115.6068561574591,199.6256411395622,166.59402496823074,95,0.925,0.8583783417882811,69810.0,0.21494749997509643,135.07005873688178,0.8108108108108109,101.03931679743079,1.0,312.21679892765655,0.1527777777777778,0.34305555555555556,0.9375,0.6645833333333333,0.9833333333333333,0.6555555555555556
sin_feedback,1011,154,118,110,36,8,163.39686455278354,183.26204612342366,133.6140861011611,82,0.7958333333333333,0.8641053648345042,51809.0,0.19408729998394847,105.01885989807361,1.0,76.81362699102388,0.9830508474576272,309.6988512446385,0.47761194029850745,0.36788194444444444,0.8744791666666667,0.7375,0.9890625,0.659375
sin_feedback,1012,146,118,110,28,8,139.87342646047088,154.41408752289712,107.17648447019403,73,0.9104166666666667,0.8628037727670701,39507.0,0.1638403999968432,80.65765576294497,0.9714285714285714,35.59630979663518,0.9767441860465116,267.51172802036166,0.6176470588235294,0.33489583333333334,0.9708333333333333,0.49375,0.9877604166666667,0.6585069444444445
sin_feedback,1013,155,108,101,47,7,129.60853134316108,186.4892030568585,135.6798559354984,81,0.9041666666666667,0.8615020853870884,53996.0,0.19883509998908266,90.97002417835043,1.0,92.73265142974718,1.0,317.1737218027772,0.27692307692307694,0.340625,0.9510416666666667,0.5583333333333333,0.9864583333333333,0.6576388888888889
sin_feedback,1014,165,104,98,61,6,100.28674688321858,169.09321737709908,133.6673772552788,81,0.93125,0.8638450507541237,55620.0,0.2010219999938272,96.36630359676569,0.8378378378378378,84.46266897798363,1.0,283.3392278744412,0.19117647058823528,0.34184027777777776,0.9520833333333333,0.5451388888888888,0.9888020833333333,0.6592013888888889
sin_feedback,1015,151,113,105,38,8,152.87369444122723,183.57095973064676,127.55929386260675,78,0.9,0.8695722242943605,47374.0,0.1959142999839969,99.81914854879504,1.0,50.92658814383294,1.0,305.20772920492914,0.4794520547945205,0.346875,0.9484375,0.4111111111111111,0.99453125,0.6630208333333333
sin_feedback,1016,181,101,93,80,8,105.18622562933191,202.14419734528462,148.2198392983906,103,0.86875,0.8620227964324204,62573.0,0.23818280000705272,98.49536394558899,0.8571428571428571,72.4252778488137,0.9838709677419355,341.0761280330292,0.11904761904761904,0.3472222222222222,0.9322916666666666,0.6,0.9869791666666666,0.6579861111111112
sin_feedback,1017,138,138,134,0,4,138.43448346538656,138.43448346538656,84.60045406237172,67,0.5770833333333333,0.8641105147704743,27912.0,0.13214399997377768,41.51392980404636,1.0,47.71101184074078,1.0,223.66335980020997,1.0,0.4092013888888889,0.71875,0.3090277777777778,0.9731770833333333,0.6487847222222223
sin_feedback,1018,154,120,112,34,8,136.99529653301033,158.99398489810713,112.68423375666481,70,0.8604166666666667,0.8628037458942607,42272.0,0.1760562999988906,75.02251358446046,1.0,67.64024387272391,1.0,249.74058277858154,0.5526315789473685,0.3463541666666667,0.9364583333333333,0.7854166666666667,0.9877604166666667,0.6585069444444445
sin_feedback,1019,177,104,98,73,6,118.07344059365535,216.55974418809066,157.30948039916768,104,0.8833333333333333,0.8698325580092726,65753.0,0.28102320001926273,103.94260616166649,1.0,95.70419821651541,1.0,347.4218101047807,0.13095238095238096,0.3567708333333333,0.9192708333333334,0.33194444444444443,0.9947916666666666,0.6631944444444444
sin_feedback,1020,171,114,107,57,7,146.57531098317875,187.26063641251343,142.21593387494372,91,0.9708333333333333,0.8700928902195201,60956.0,0.21616000001085922,113.16201089670236,0.875,62.871130622288405,1.0,306.65556453560384,0.34177215189873417,0.3355902777777778,0.9833333333333333,0.63125,0.9950520833333333,0.6633680555555556
sin_feedback,1021,172,112,104,60,8,122.24447913910613,180.64661997362805,136.49188133079977,88,0.9458333333333333,0.8685309070757391,59209.0,0.1831330000422895,107.35676018542414,0.8974358974358975,64.13613630305655,1.0,308.8587877687361,0.25333333333333335,0.33871527777777777,0.9708333333333333,0.5430555555555555,0.9934895833333334,0.6623263888888888
sin_feedback,1022,171,130,122,41,8,161.16816167236402,185.34688605679233,124.79517729180651,93,0.41458333333333336,0.8643656740411966,48105.0,0.21670529997209087,24.454660719663547,1.0,103.92289836735237,1.0,295.04244864958883,0.5,0.4487847222222222,0.6322916666666667,0.47430555555555554,0.9893229166666667,0.6595486111111111
sin_feedback,1023,146,115,107,31,8,157.4188926690606,183.0329279798051,132.50697851875887,78,0.9104166666666667,0.8630640716850101,48938.0,0.2028938999865204,110.05686796208501,1.0,55.663004716380776,0.9791666666666666,308.0480649528453,0.5522388059701493,0.34097222222222223,0.953125,0.6673611111111111,0.9880208333333333,0.6586805555555556
sin_feedback,1024,162,114,107,48,7,139.59743622985346,174.01585568384183,117.51136763946774,80,0.8083333333333333,0.859159201387732,45134.0,0.19858740002382547,69.15857314471299,1.0,63.0109370855303,1.0,285.41368827417784,0.4,0.35572916666666665,0.9010416666666666,0.5347222222222222,0.9841145833333333,0.6560763888888889
sin_feedback,1025,152,107,101,45,6,122.8203185812724,176.1592250446407,109.81719903842615,77,0.9354166666666667,0.8648863219961794,41920.0,0.18192990001989529,61.448200701501804,1.0,49.22188557284036,0.9622641509433962,335.44926739811035,0.3484848484848485,0.3342013888888889,0.9770833333333333,0.7055555555555556,0.98984375,0.6598958333333333
sin_feedback,1026,178,97,89,81,8,129.38134881424,213.3350090048739,196.42391289717443,102,0.95,0.8633244320388191,91717.0,0.2608658000244759,182.40780808526628,0.7209302325581395,113.83381618478779,0.9846153846153847,324.7271114741414,0.02857142857142857,0.3345486111111111,0.9729166666666667,0.5701388888888889,0.98828125,0.6588541666666666
sin_feedback,1027,143,143,135,0,8,129.86699422343128,129.86699422343128,80.91169720836295,65,0.65625,0.8604608722860436,29239.0,0.12849600001936778,54.0408351273682,1.0,35.92597131906396,1.0,223.26437840155685,1.0,0.39166666666666666,0.7958333333333333,0.43194444444444446,0.9854166666666667,0.6569444444444444
sin_feedback,1028,161,108,100,53,8,131.6646277846929,175.64886937029306,142.92614702711185,86,0.9645833333333333,0.8635847497675313,57927.0,0.19340340001508594,136.002598461248,0.9444444444444444,51.75192053291299,1.0,283.4558158397367,0.3013698630136986,0.3338541666666667,0.9755208333333333,0.79375,0.9885416666666667,0.6590277777777778
sin_feedback,1029,146,114,107,32,7,145.18886841006648,164.43891870723513,126.71160260387892,73,0.85,0.8604608641236768,46287.0,0.17536989995278418,102.59359738937725,1.0,76.00082865400627,1.0,257.20636379498626,0.5223880597014925,0.35104166666666664,0.9177083333333333,0.5777777777777777,0.9854166666666667,0.6569444444444444
servicio_080,1000,148,101,94,47,7,123.13133346210185,183.20044382837918,125.29592682016543,76,0.7479166666666667,0.8539529056251534,46301.0,0.16646430001128465,43.395335176055816,1.0,110.91263664792787,1.0,317.3547699729878,0.21666666666666667,0.37725694444444446,0.8260416666666667,0.4798611111111111,0.97890625,0.6526041666666667
servicio_080,1001,135,122,115,13,7,143.49482316983588,144.83861957927144,134.79071842677467,62,0.9625,0.8635847283322514,50937.0,0.13056479999795556,144.69944947434098,0.85,35.35540943893248,1.0,214.7773364653018,0.8793103448275862,0.3328125,0.9786458333333333,0.5548611111111111,0.9885416666666667,0.6590277777777778
servicio_080,1002,156,109,101,47,8,142.0406767308924,186.2532156606827,129.40758589607137,84,0.89375,0.8651466885406313,48913.0,0.20657380000920966,86.77471906087341,1.0,64.89950860368238,1.0,311.5623028836706,0.36486486486486486,0.3434027777777778,0.95,0.6076388888888888,0.9901041666666667,0.6600694444444445
servicio_080,1003,148,101,93,47,8,134.9149323720674,189.27340657691647,150.72435318652452,78,0.9458333333333333,0.8664482859399224,61152.0,0.19031889998586848,124.99634151086832,0.9428571428571428,97.31030353789596,1.0,331.41267244013676,0.16666666666666666,0.34322916666666664,0.953125,0.6875,0.99140625,0.6609375
servicio_080,1004,142,126,118,16,8,148.11285854671473,148.1387383612123,96.41105365966735,63,0.8125,0.8617624372178933,34239.0,0.15793489996576682,69.90525493253132,1.0,36.842980793932604,1.0,251.99068549732897,0.7681159420289855,0.36302083333333335,0.884375,0.475,0.98671875,0.6578125
servicio_080,1005,154,107,99,47,8,139.96347078911222,185.82815818620006,139.0238938367027,86,0.9208333333333333,0.8628037207907192,53302.0,0.2411460999865085,111.84432631071888,0.8823529411764706,57.77555824449347,1.0,316.9315332701623,0.37681159420289856,0.34774305555555557,0.9322916666666666,0.7611111111111111,0.9877604166666667,0.6585069444444445
servicio_080,1006,168,108,101,60,7,146.83589581858052,199.46937948843134,165.61579345777568,94,0.94375,0.8625434218867869,68320.0,0.22856909997062758,164.62159205672998,0.8378378378378378,44.04391659280748,1.0,318.09586310293,0.31645569620253167,0.33663194444444444,0.9651041666666667,0.5541666666666667,0.9875,0.6583333333333333
servicio_080,1007,149,99,91,50,8,103.02698495796233,179.40779729807062,142.8945290188665,80,0.8625,0.8500484473714038,55313.0,0.1557331999647431,94.24554217766493,1.0,116.5378068525035,0.9692307692307692,298.6124296154093,0.12727272727272726,0.33819444444444446,0.9354166666666667,0.7763888888888889,0.975,0.65
servicio_080,1008,158,112,105,46,7,147.1213015468589,197.47123294464376,139.18572709556886,88,0.7833333333333333,0.8635846997001412,54399.0,0.2155483000096865,95.43180910009795,1.0,82.42028041616757,1.0,333.134592636805,0.352112676056338,0.3640625,0.8848958333333333,0.5652777777777778,0.9885416666666667,0.6590277777777778
servicio_080,1009,171,100,92,71,8,100.46038269440888,199.61616057817778,149.75058341550778,95,0.9083333333333333,0.8667086184015541,62256.0,0.252663399965968,94.88388365261098,0.96875,99.8389036219239,0.9848484848484849,335.7357745607928,0.0547945205479452,0.3392361111111111,0.965625,0.7486111111111111,0.9916666666666667,0.6611111111111111
servicio_080,1010,167,97,90,70,7,106.1272850618998,198.26635970243643,165.6367600109658,94,0.9270833333333334,0.8573370884680372,69242.0,0.2499515999807045,136.55654522336826,0.8108108108108109,95.72897196984458,1.0,312.5779100387677,0.125,0.34184027777777776,0.9390625,0.68125,0.9822916666666667,0.6548611111111111
servicio_080,1011,154,113,105,41,8,153.16523098386094,182.93087729225485,131.95389192640383,81,0.8208333333333333,0.8641053648345042,50825.0,0.1768076000153087,101.05457418378789,1.0,73.6102371605154,0.9830508474576272,313.4152691550862,0.40298507462686567,0.3623263888888889,0.8911458333333333,0.75,0.9890625,0.659375
servicio_080,1012,146,116,109,30,7,136.3700576545359,152.48258067358205,106.47378176749133,71,0.8979166666666667,0.8628037727670701,39161.0,0.1429581999545917,81.91479862008782,0.9428571428571428,32.29398421523984,0.9767441860465116,264.80584566742044,0.6029411764705882,0.3359375,0.9677083333333333,0.49444444444444446,0.9877604166666667,0.6585069444444445
servicio_080,1013,155,104,96,51,8,121.18284517031596,185.88920305685852,136.20189769883947,81,0.9375,0.8615020853870884,53321.0,0.17725740000605583,90.15752417835043,0.96875,88.83609970560926,1.0,319.61987564893104,0.23076923076923078,0.3376736111111111,0.9598958333333333,0.55,0.9864583333333333,0.6576388888888889
servicio_080,1014,165,102,94,63,8,89.5123206743901,166.72958101346273,133.79929214889583,80,0.9354166666666667,0.8638450507541237,55142.0,0.15622720000101253,95.93387116433325,0.8378378378378378,84.39600231131696,1.0,277.89805140385295,0.16176470588235295,0.3407986111111111,0.9552083333333333,0.5569444444444445,0.9888020833333333,0.6592013888888889
servicio_080,1015,151,110,103,41,7,145.6815877880724,183.2861915187262,126.71294625555386,78,0.9333333333333333,0.8695722242943605,46618.0,0.17503430001670495,97.98581521546171,1.0,46.36408814383294,1.0,308.37211276657297,0.4383561643835616,0.3404513888888889,0.9677083333333333,0.41944444444444445,0.99453125,0.6630208333333333
servicio_080,1016,181,99,91,82,8,93.62862181943636,199.64143491434538,147.21150596505728,101,0.8854166666666666,0.8620227964324204,61969.0,0.23157180001726374,98.46679251701757,0.8571428571428571,71.247858493975,0.9838709677419355,336.56422327112443,0.09523809523809523,0.3454861111111111,0.9375,0.6173611111111111,0.9869791666666666,0.6579861111111112
servicio_080,1017,138,138,131,0,7,138.86926607408222,138.86926607408222,83.25542482260565,66,0.5916666666666667,0.8670292506933733,26972.0,0.12504459999036044,37.0972631373797,1.0,42.115773745502686,1.0,229.2328042446544,1.0,0.4173611111111111,0.728125,0.31319444444444444,0.9901041666666667,0.6600694444444445
servicio_080,1018,154,114,106,40,8,122.09397924241144,157.61736152148373,111.95718661026282,68,0.9125,0.8628037458942607,41619.0,0.15530869999201968,72.53864261671852,1.0,67.04449919187284,1.0,248.33268804173943,0.47368421052631576,0.33836805555555555,0.9604166666666667,0.8152777777777778,0.9877604166666667,0.6585069444444445
servicio_080,1019,177,100,92,77,8,103.25204920332195,215.76878373611325,157.97393956031559,103,0.9083333333333333,0.8698325580092726,65154.0,0.22768999997060746,103.57593949499983,1.0,92.4978490101662,1.0,348.2908577238283,0.08333333333333333,0.3501736111111111,0.9390625,0.34305555555555556,0.9947916666666666,0.6631944444444444
servicio_080,1020,171,112,104,59,8,140.1019950451244,186.19046097391694,141.71909176968055,91,0.9604166666666667,0.8700928902195201,60240.0,0.1964735999936238,113.83701089670235,0.875,56.448053699211485,1.0,308.22518478876844,0.31645569620253167,0.3362847222222222,0.98125,0.6375,0.9950520833333333,0.6633680555555556
servicio_080,1021,172,109,101,63,8,113.71271497599724,180.58848043874434,135.74239892914346,86,0.9541666666666667,0.8685309070757391,58667.0,0.19791869999608025,106.53624736491132,0.8974358974358975,60.9292397513324,1.0,311.6321211020694,0.21333333333333335,0.3375,0.9744791666666667,0.5472222222222223,0.9934895833333334,0.6623263888888888
servicio_080,1022,171,124,116,47,8,149.66217562760383,185.21238313281572,124.04096042433663,91,0.42291666666666666,0.8643656740411966,47132.0,0.18995959998574108,21.45466071966355,1.0,99.29603269571058,1.0,299.34732669836933,0.4268292682926829,0.44583333333333336,0.6411458333333333,0.48125,0.9893229166666667,0.6595486111111111
servicio_080,1023,146,112,104,34,8,146.9751318078104,182.45073619898318,130.6001775112022,77,0.9395833333333333,0.8630640716850101,48001.0,0.17658229998778552,107.66977118789146,1.0,50.64217138304744,1.0,311.4809007737408,0.4925373134328358,0.3375,0.9635416666666666,0.6729166666666667,0.9880208333333333,0.6586805555555556
servicio_080,1024,162,110,102,52,8,131.06001247077262,174.28746062211346,116.54000725760616,79,0.8354166666666667,0.859159201387732,44427.0,0.2134014000184834,66.67470217697105,1.0,59.422701791412656,1.0,289.21368827417785,0.35,0.34878472222222223,0.921875,0.55,0.9841145833333333,0.6560763888888889
servicio_080,1025,152,105,97,47,8,109.36211168940034,176.02764609727225,108.62334561053017,76,0.9583333333333334,0.8648863219961794,41175.0,0.1902797999791801,59.29668554998665,1.0,45.731319535104504,1.0,339.02502497386797,0.2878787878787879,0.33229166666666665,0.9828125,0.7041666666666667,0.98984375,0.6598958333333333
servicio_080,1026,178,94,86,84,8,127.95564775890483,212.64399776891887,196.73366433120884,102,0.95625,0.8633244320388191,91159.0,0.23526200000196695,180.9426918061965,0.6976744186046512,112.91073926171087,0.9538461538461539,324.7271114741414,0.02857142857142857,0.33350694444444445,0.9760416666666667,0.5708333333333333,0.98828125,0.6588541666666666
servicio_080,1027,143,135,128,8,7,134.29053763631677,129.4893718458089,80.96236387502962,63,0.6666666666666666,0.8604608722860436,28538.0,0.13039559999015182,52.57654941308248,1.0,31.121623492977005,1.0,226.27887115518004,0.8840579710144928,0.3871527777777778,0.809375,0.44513888888888886,0.9854166666666667,0.6569444444444444
servicio_080,1028,161,106,98,55,8,125.61035029846312,175.12713023985827,141.7733380383478,85,0.9708333333333333,0.8630641112936684,57294.0,0.20443139999406412,135.41926512791466,0.9444444444444444,47.48268976368222,1.0,285.63389803151756,0.273972602739726,0.3329861111111111,0.9770833333333333,0.7881944444444444,0.9880208333333333,0.6586805555555556
servicio_080,1029,146,110,102,36,8,136.0283462001613,163.82248035107077,125.3791217854646,72,0.8854166666666666,0.8599402619646231,45466.0,0.16341150004882365,100.90394221696346,1.0,71.14082865400627,1.0,260.2212891681206,0.4626865671641791,0.3440972222222222,0.9375,0.5805555555555556,0.9848958333333333,0.6565972222222223
servicio_120,1000,148,63,55,85,8,141.08726146952736,231.25449788243324,213.79467368733336,94,0.9125,0.854994169193186,73572.0,0.22555299999658018,125.59533517605581,0.8,189.3570810923723,0.6349206349206349,319.2714366396545,0.05,0.3404513888888889,0.9385416666666667,0.45208333333333334,0.9799479166666667,0.6532986111111111
servicio_120,1001,135,75,67,60,8,155.5866021334163,223.32750846816035,218.37751549278934,79,0.9479166666666666,0.8635847283322514,78944.0,0.22326840000459924,213.42444947434097,0.6,84.89594997947302,1.0,318.46699163771564,0.2413793103448276,0.33402777777777776,0.975,0.4354166666666667,0.9885416666666667,0.6590277777777778
servicio_120,1002,156,66,58,90,8,139.84070488014723,237.65065155811862,215.8531064771852,101,0.93125,0.8651466885406313,77595.0,0.24189689999911934,163.87149325442178,0.7096774193548387,150.33088115270198,0.8235294117647058,328.7379785593463,0.02702702702702703,0.34149305555555554,0.9557291666666666,0.6875,0.9901041666666667,0.6600694444444445
servicio_120,1003,148,67,59,81,8,155.13873219823807,239.16529846880837,235.5565527330098,92,0.9208333333333333,0.8664482859399224,90763.0,0.2250717999995686,198.6820557965826,0.6,176.39504930060784,0.7627118644067796,333.98674651421084,0.018518518518518517,0.34930555555555554,0.9348958333333334,0.5875,0.99140625,0.6609375
servicio_120,1004,142,69,61,73,8,109.89065784503791,213.00493554431088,187.637720326334,79,0.95625,0.8617624372178933,61309.0,0.17546410002978519,150.83628941528994,0.7586206896551724,106.4338898848417,0.9545454545454546,307.0921347726913,0.07246376811594203,0.33489583333333334,0.96875,0.5069444444444444,0.98671875,0.6578125
servicio_120,1005,154,68,60,86,8,143.33496340113558,238.61387247191433,222.05441026862758,102,0.9270833333333334,0.8628037207907192,82253.0,0.26903440000023693,174.96197336954242,0.6470588235294118,156.7167347150817,0.803921568627451,330.51124341508984,0.07246376811594203,0.34444444444444444,0.9421875,0.8159722222222222,0.9877604166666667,0.6585069444444445
servicio_120,1006,168,68,60,100,8,139.3273247147124,246.84437948843134,239.97246741838836,113,0.95,0.8625434218867869,95821.0,0.28289949998725206,222.99997043510834,0.5945945945945946,128.10160890049977,0.8461538461538461,336.1718124700186,0.02531645569620253,0.3362847222222222,0.9661458333333334,0.5527777777777778,0.9875,0.6583333333333333
servicio_120,1007,149,70,62,79,8,147.75880322912795,229.42122011686257,225.39924599999856,94,0.9375,0.8539529168028601,83575.0,0.24471679999260232,172.65933528111321,0.7586206896551724,189.1531914678881,0.6461538461538462,306.93970234268204,0.10909090909090909,0.3342013888888889,0.9552083333333333,0.8611111111111112,0.97890625,0.6526041666666667
servicio_120,1008,158,72,64,86,8,158.41257373261814,249.002878514264,226.3504048998648,105,0.91875,0.8635846997001412,84261.0,0.26868999999715015,175.8456022035462,0.8275862068965517,169.14441834720202,0.7758620689655172,344.12050812976275,0.04225352112676056,0.33784722222222224,0.9635416666666666,0.7145833333333333,0.9885416666666667,0.6590277777777778
servicio_120,1009,171,70,62,101,8,148.65217943139965,243.21849975946432,227.8261773679916,108,0.94375,0.8667086184015541,91685.0,0.29044499999145046,169.10263365261096,0.71875,176.3389036219239,0.6666666666666666,336.1741307251763,0.0410958904109589,0.33697916666666666,0.9723958333333333,0.7875,0.9916666666666667,0.6611111111111111
servicio_120,1010,167,66,58,101,8,144.2135305018295,243.56576090004123,239.6666745408803,112,0.9333333333333333,0.8586386515932668,96388.0,0.2874396999832243,193.88086954769258,0.5135135135135135,173.10828231467218,0.7241379310344828,325.85568781654547,0.06944444444444445,0.3423611111111111,0.9401041666666666,0.7743055555555556,0.98359375,0.6557291666666667
servicio_120,1011,154,69,61,85,8,148.2245238987181,234.61269547407304,219.84952299436497,97,0.9229166666666667,0.8641053648345042,79958.0,0.28631290001794696,185.48314561235932,0.8214285714285714,152.88142360119338,0.7627118644067796,327.1167616923997,0.014925373134328358,0.34270833333333334,0.95,0.8159722222222222,0.9890625,0.659375
servicio_120,1012,146,68,60,78,8,105.65834289103064,216.40038889276013,188.7538800475896,88,0.9125,0.8628037727670701,66049.0,0.23432109999703243,149.40051290580212,0.6571428571428571,99.10793770361192,0.9767441860465116,325.05584566742044,0.04411764705882353,0.3347222222222222,0.9713541666666666,0.5041666666666667,0.9877604166666667,0.6585069444444445
servicio_120,1013,155,69,61,86,8,158.2992475931928,236.87629983105205,222.13693250162368,97,0.9458333333333333,0.8615020853870884,83399.0,0.271819899964612,164.62627417835043,0.6875,177.28437556767824,0.7413793103448276,325.61987564893104,0.06153846153846154,0.33836805555555555,0.9578125,0.6159722222222223,0.9864583333333333,0.6576388888888889
servicio_120,1014,165,69,61,96,8,129.19748478823402,215.5053385892203,212.2992921488958,100,0.925,0.8638450507541237,84537.0,0.2395124999457039,160.17711440757648,0.5675675675675675,163.24600231131697,0.6833333333333333,291.72158081561764,0.10294117647058823,0.3420138888888889,0.9515625,0.6347222222222222,0.9888020833333333,0.6592013888888889
servicio_120,1015,151,67,59,84,8,127.10339843265906,234.75639019422294,213.61722837142287,94,0.9166666666666666,0.8695722242943605,73979.0,0.2492068000137806,175.75248188212836,0.7,128.90575481049962,0.875,328.60498947890176,0.0547945205479452,0.34322916666666664,0.959375,0.47430555555555554,0.99453125,0.6630208333333333
servicio_120,1016,181,68,60,113,8,134.14648039756153,242.06684927898627,220.52400596505728,119,0.9145833333333333,0.8620227964324204,90319.0,0.33009290002519265,159.06679251701755,0.6,152.4252778488137,0.7096774193548387,342.81422327112443,0.03571428571428571,0.3454861111111111,0.9375,0.7416666666666667,0.9869791666666666,0.6579861111111112
servicio_120,1017,138,70,62,68,8,111.03133478740837,218.06491824799525,172.28466458868752,81,0.9270833333333334,0.8672292678386098,52020.0,0.19107619998976588,102.55559647071304,0.9166666666666666,116.68720231693126,1.0,315.70502646687663,0.08333333333333333,0.34131944444444445,0.9604166666666667,0.4131944444444444,0.9921875,0.6614583333333334
servicio_120,1018,154,72,64,82,8,126.9733671666928,216.5848939890162,199.0614049725457,87,0.9604166666666667,0.8628037458942607,69702.0,0.2434959000092931,151.3128361651056,0.7419354838709677,139.29981834080903,0.851063829787234,291.00374067331836,0.11842105263157894,0.3333333333333333,0.9755208333333333,0.7798611111111111,0.9877604166666667,0.6585069444444445
servicio_120,1019,177,69,61,108,8,156.37295433835843,258.5145464479777,240.09314485832883,121,0.9354166666666667,0.8698325580092726,95094.0,0.3003389000077732,184.5759394949998,0.7333333333333333,173.64070615302333,0.6825396825396826,348.57657200954264,0.047619047619047616,0.3451388888888889,0.9541666666666667,0.3701388888888889,0.9947916666666666,0.6631944444444444
servicio_120,1020,171,68,61,103,7,128.35731838153643,233.44192296222104,220.33803913810158,106,0.9666666666666667,0.8700928902195201,89964.0,0.2591173000400886,179.08701089670234,0.55,139.08266908382686,0.8269230769230769,323.0732860545912,0.0379746835443038,0.33611111111111114,0.9817708333333334,0.4736111111111111,0.9950520833333333,0.6633680555555556
servicio_120,1021,172,71,63,101,8,139.0690113167495,228.03034090386063,214.6844279146507,105,0.9375,0.8685309070757391,88876.0,0.2617836000281386,171.7413755700395,0.5897435897435898,141.3947569927117,0.7758620689655172,324.2987877687361,0.04,0.33819444444444446,0.9723958333333333,0.51875,0.9934895833333334,0.6623263888888888
servicio_120,1022,171,71,63,100,8,132.7251380996847,240.3059503842777,206.6385507857824,107,0.85,0.8643656740411966,74990.0,0.2730784000013955,63.68193344693628,1.0,202.22140583003892,0.6567164179104478,318.81074133251565,0.06097560975609756,0.34965277777777776,0.9296875,0.7291666666666666,0.9893229166666667,0.6595486111111111
servicio_120,1023,146,68,60,78,8,138.98062391849578,239.98498277432566,220.43896844319215,95,0.9270833333333334,0.8630640716850101,77067.0,0.23548869998194277,191.15364215563338,0.7096774193548387,131.12133804971413,0.875,340.5704530125468,0.05970149253731343,0.34097222222222223,0.953125,0.6576388888888889,0.9880208333333333,0.6586805555555556
servicio_120,1024,162,69,61,93,8,138.0384253334726,223.21338654803935,200.0650669234773,96,0.93125,0.859159201387732,72704.0,0.23465779999969527,144.25534733826137,0.7741935483870968,141.05015277180482,0.8235294117647058,306.1886882741779,0.0375,0.33697916666666666,0.9572916666666667,0.5875,0.9841145833333333,0.6560763888888889
servicio_120,1025,152,67,59,85,8,125.44978848755864,226.257909255167,191.3207451377169,93,0.9583333333333334,0.8648863219961794,69256.0,0.2397365000215359,132.26638251968362,0.696969696969697,125.03320632755732,0.8113207547169812,354.5401764890195,0.015151515151515152,0.33229166666666665,0.9828125,0.7173611111111111,0.98984375,0.6598958333333333
servicio_120,1026,178,66,58,112,8,168.36221387173794,252.14961574644695,262.905748461228,116,0.9416666666666667,0.8633244320388191,119107.0,0.3388161000330001,234.05897087596395,0.4883720930232558,185.95689310786472,0.6615384615384615,324.7271114741414,0.02857142857142857,0.33576388888888886,0.9692708333333333,0.49375,0.98828125,0.6588541666666666
servicio_120,1027,143,70,63,73,7,108.70938027491832,204.15370751014456,172.83169720836295,81,0.9541666666666667,0.8604608722860436,56389.0,0.20473639998817816,129.64797798451104,0.8214285714285714,100.5129278408031,0.9347826086956522,303.48176970590464,0.057971014492753624,0.3347222222222222,0.9666666666666667,0.5319444444444444,0.9854166666666667,0.6569444444444444
servicio_120,1028,161,71,63,90,8,137.07004362905514,222.63023582992037,221.50592230801072,101,0.95625,0.8638450665204976,85935.0,0.2576282999943942,203.83593179458134,0.6388888888888888,130.9249974559899,0.8461538461538461,297.222939127408,0.0547945205479452,0.3347222222222222,0.9734375,0.875,0.9888020833333333,0.6592013888888889
servicio_120,1029,146,68,60,78,8,139.16727336070562,219.70604199490637,213.89318828162828,90,0.8979166666666667,0.8604608641236768,72935.0,0.22410069999750704,177.52463187213587,0.6896551724137931,153.14082865400627,0.84,287.6391996158818,0.08955223880597014,0.34392361111111114,0.9390625,0.5944444444444444,0.9854166666666667,0.6569444444444444
