t,queue,active,finished,fatigue,beds,icu,ventilators,doctors,nurses
0.0,0,0,0,0.0,0,0,0,0,0
1.0,0,0,0,0.0,0,0,0,0,0
2.0,0,1,0,0.0,1,0,0,1,1
3.0,0,2,0,0.0020833333333333333,2,0,0,2,2
4.0,0,2,0,0.006215277777777778,2,0,0,2,2
5.0,0,2,0,0.010278356481481482,2,0,0,2,2
6.0,0,2,0,0.014273717206790125,2,0,0,2,2
7.0,0,2,0,0.018202488586676956,2,0,0,2,2
8.0,0,3,0,0.022065780443565674,2,1,1,3,3
9.0,0,5,0,0.027948017436172912,4,1,1,5,5
10.0,0,5,0,0.037898883812236696,4,1,1,5,5
11.0,0,5,0,0.04768390241536608,4,1,1,5,5
12.0,0,4,1,0.05730583737510998,3,1,1,4,4
13.0,0,5,1,0.06468407341885815,4,1,1,5,5
14.0,0,5,1,0.07402267219521051,4,1,1,5,5
15.0,0,7,1,0.08320562765862367,6,1,1,7,7
16.0,0,7,1,0.09640220053097995,6,1,1,7,7
17.0,1,8,1,0.10937883052213028,7,1,1,8,8
18.0,2,8,1,0.12422251668009478,7,1,1,8,8
19.0,2,8,1,0.13881880806875987,7,1,1,8,8
20.0,3,8,1,0.15317182793428055,7,1,1,8,8
21.0,4,8,1,0.16728563080204253,7,1,1,8,8
22.0,5,8,1,0.1811642036220085,7,1,1,8,8
23.0,5,8,1,0.19481146689497503,7,1,1,8,8
24.0,5,8,1,0.2082312757800588,7,1,1,8,8
25.0,6,8,1,0.22142742118372447,7,1,1,8,8
26.0,8,8,1,0.2344036308306624,7,1,1,8,8
27.0,10,8,1,0.24716357031681802,7,1,1,8,8
28.0,11,8,1,0.25971084414487106,7,1,1,8,8
29.0,12,8,2,0.27204899674245653,6,2,2,8,8
30.0,13,8,2,0.2841815134634156,6,2,2,8,8
31.0,12,8,3,0.29611182157235866,5,3,3,8,8
32.0,14,8,3,0.30784329121281934,5,3,3,8,8
33.0,15,8,3,0.31937923635927234,5,3,3,8,8
34.0,16,8,3,0.3307229157532845,5,3,3,8,8
35.0,16,8,4,0.3418775338240631,4,4,3,8,8
36.0,16,8,4,0.35284624159366207,4,4,3,8,8
37.0,16,8,4,0.36363213756710105,4,4,3,8,8
38.0,16,8,4,0.37423826860764936,4,4,3,8,8
39.0,16,8,4,0.38466763079752186,4,4,3,8,8
40.0,17,8,4,0.39492317028422985,4,4,3,8,8
41.0,17,8,4,0.405007784112826,4,4,3,8,8
42.0,16,8,5,0.4149243210442789,4,4,3,8,8
43.0,17,8,5,0.4246755823602076,4,4,3,8,8
44.0,16,8,6,0.4342643226542041,4,4,3,8,8
45.0,16,8,7,0.4436932506099674,4,4,3,8,8
46.0,17,8,7,0.45296502976646796,4,4,3,8,8
47.0,18,8,7,0.46208227927036016,4,4,3,8,8
48.0,20,8,7,0.47104757461585417,4,4,3,8,8
49.0,22,8,7,0.4798634483722566,4,4,3,8,8
50.0,22,8,7,0.48853239089938566,4,4,3,8,8
51.0,22,8,7,0.49705685105106256,4,4,3,8,8
52.0,24,8,7,0.5054392368668782,4,4,3,8,8
53.0,24,8,7,0.5136819162524302,4,4,3,8,8
54.0,24,8,7,0.521787217648223,4,4,3,8,8
55.0,24,8,7,0.5297574306874193,4,4,3,8,8
56.0,24,8,7,0.537594806842629,4,4,3,8,8
57.0,24,8,8,0.5453015600619184,4,4,3,8,8
58.0,24,8,8,0.5528798673942198,4,4,3,8,8
59.0,25,8,8,0.5603318696043161,4,4,3,8,8
60.0,25,8,8,0.5676596717775775,4,4,3,8,8
61.0,27,8,8,0.5748653439146179,4,4,3,8,8
62.0,27,8,8,0.5819509215160409,4,4,3,8,8
63.0,28,8,8,0.5889184061574402,4,4,3,8,8
64.0,29,8,8,0.5957697660548161,4,4,3,8,8
65.0,30,8,8,0.6025069366205692,4,4,3,8,8
66.0,31,8,8,0.6091318210102263,4,4,3,8,8
67.0,33,8,8,0.6156462906600559,4,4,3,8,8
68.0,34,8,8,0.6220521858157216,4,4,3,8,8
69.0,34,8,8,0.6283513160521262,4,4,3,8,8
70.0,34,8,8,0.6345454607845908,4,4,3,8,8
71.0,36,8,8,0.6406363697715143,4,4,3,8,8
72.0,37,8,8,0.6466257636086558,4,4,3,8,8
73.0,40,8,8,0.6525153342151782,4,4,3,8,8
74.0,40,8,8,0.6583067453115918,4,4,3,8,8
75.0,41,8,8,0.664001632889732,4,4,3,8,8
76.0,41,8,9,0.6696016056749031,4,4,3,8,8
77.0,41,8,9,0.6751082455803215,4,4,3,8,8
78.0,42,8,9,0.6805231081539828,4,4,3,8,8
79.0,42,8,9,0.685847723018083,4,4,3,8,8
80.0,42,8,9,0.691083594301115,4,4,3,8,8
81.0,42,8,10,0.6962322010627631,4,4,3,8,8
82.0,42,8,11,0.701294997711717,4,4,3,8,8
83.0,41,8,12,0.7062734144165217,4,4,3,8,8
84.0,43,8,12,0.7111688575095797,4,4,3,8,8
85.0,44,8,12,0.71598270988442,4,4,3,8,8
86.0,44,8,12,0.7207163313863464,4,4,3,8,8
87.0,45,8,12,0.725371059196574,4,4,3,8,8
88.0,46,8,12,0.7299482082099644,4,4,3,8,8
89.0,49,8,12,0.734449071406465,4,4,3,8,8
90.0,49,8,12,0.7388749202163573,4,4,3,8,8
91.0,49,8,12,0.743227004879418,4,4,3,8,8
92.0,48,8,13,0.7475065547980944,4,4,2,8,8
93.0,47,8,14,0.7517147788847928,4,4,1,8,8
94.0,49,8,14,0.7558528659033795,4,4,1,8,8
95.0,51,8,14,0.7599219848049898,4,4,1,8,8
96.0,52,8,14,0.76392328505824,4,4,1,8,8
97.0,53,8,14,0.767857896973936,4,4,1,8,8
98.0,54,8,14,0.7717269320243705,4,4,1,8,8
99.0,54,8,14,0.7755314831572977,4,4,1,8,8
100.0,54,8,14,0.7792726251046761,4,4,1,8,8
101.0,54,8,14,0.7829514146862648,4,4,1,8,8
102.0,54,8,14,0.7865688911081604,4,4,1,8,8
103.0,53,8,15,0.7901260762563578,4,4,1,8,8
104.0,54,8,15,0.7936239749854185,4,4,1,8,8
105.0,54,8,15,0.7970635754023282,4,4,1,8,8
106.0,53,8,16,0.8004458491456228,4,4,1,8,8
107.0,57,8,16,0.8037717516598624,4,4,1,8,8
108.0,58,8,16,0.8070422224655314,4,4,1,8,8
109.0,60,8,16,0.8102581854244392,4,4,1,8,8
110.0,59,8,17,0.8134205490006985,4,4,1,8,8
111.0,59,8,17,0.8165302065173535,4,4,1,8,8
112.0,60,8,17,0.819588036408731,4,4,1,8,8
113.0,60,8,17,0.8225949024685855,4,4,1,8,8
114.0,61,8,17,0.825551654094109,4,4,1,8,8
115.0,61,8,17,0.8284591265258738,4,4,1,8,8
116.0,62,8,17,0.8313181410837759,4,4,1,8,8
117.0,63,8,17,0.8341295053990463,4,4,1,8,8
118.0,63,8,17,0.8368940136423955,4,4,1,8,8
119.0,63,8,17,0.8396124467483556,4,4,1,8,8
120.0,63,8,17,0.842285572635883,4,4,1,8,8
121.0,63,8,17,0.844914146425285,4,4,1,8,8
122.0,64,8,17,0.8474989106515302,4,4,1,8,8
123.0,65,8,17,0.8500405954740047,4,4,1,8,8
124.0,65,8,17,0.8525399188827713,4,4,1,8,8
125.0,66,8,17,0.8549975869013917,4,4,1,8,8
126.0,66,8,18,0.8574142937863685,4,4,1,8,8
127.0,66,8,18,0.8597907222232624,4,4,1,8,8
128.0,66,8,18,0.8621275435195414,4,4,1,8,8
129.0,66,8,18,0.8644254177942157,4,4,1,8,8
130.0,66,8,19,0.8666849941643121,4,4,1,8,8
131.0,66,8,19,0.8689069109282402,4,4,1,8,8
132.0,66,8,19,0.8710917957461028,4,4,1,8,8
133.0,66,8,19,0.8732402658170011,4,4,1,8,8
134.0,66,8,19,0.8753529280533844,4,4,1,8,8
135.0,66,8,19,0.8774303792524947,4,4,1,8,8
136.0,66,8,19,0.8794732062649531,4,4,1,8,8
137.0,66,8,19,0.8814819861605372,4,4,1,8,8
138.0,65,8,20,0.8834572863911949,4,4,0,8,8
139.0,65,8,20,0.8853996649513417,4,4,0,8,8
140.0,65,8,20,0.887309670535486,4,4,0,8,8
141.0,65,8,20,0.8891878426932279,4,4,0,8,8
142.0,65,8,20,0.8910347119816742,4,4,0,8,8
143.0,64,8,21,0.8928508001153129,4,4,0,8,8
144.0,65,8,21,0.8946366201133911,4,4,0,8,8
145.0,66,8,21,0.8963926764448346,4,4,0,8,8
146.0,67,8,21,0.898119465170754,4,4,0,8,8
147.0,67,8,21,0.8998174740845748,4,4,0,8,8
148.0,67,8,21,0.9014871828498319,4,4,0,8,8
149.0,67,8,21,0.903129063135668,4,4,0,8,8
150.0,67,8,21,0.9047435787500735,4,4,0,8,8
151.0,67,8,21,0.9063311857709057,4,4,0,8,8
152.0,68,8,21,0.9078923326747239,4,4,0,8,8
153.0,68,8,21,0.9094274604634786,4,4,0,8,8
154.0,68,8,21,0.9109370027890873,4,4,0,8,8
155.0,69,8,21,0.9124213860759358,4,4,0,8,8
156.0,69,8,21,0.9138810296413369,4,4,0,8,8
157.0,69,8,21,0.9153163458139812,4,4,0,8,8
158.0,70,8,21,0.9167277400504149,4,4,0,8,8
159.0,70,8,21,0.9181156110495746,4,4,0,8,8
160.0,69,8,22,0.919480350865415,4,4,0,8,8
161.0,69,8,22,0.9208223450176581,4,4,0,8,8
162.0,69,8,23,0.9221419726006972,4,4,0,8,8
163.0,70,8,23,0.9234396063906856,4,4,0,8,8
164.0,70,8,23,0.9247156129508408,4,4,0,8,8
165.0,71,8,23,0.9259703527349935,4,4,0,8,8
166.0,71,8,23,0.9272041801894103,4,4,0,8,8
167.0,71,8,23,0.9284174438529201,4,4,0,8,8
168.0,71,8,23,0.9296104864553715,4,4,0,8,8
169.0,70,8,24,0.9307836450144487,4,4,0,8,8
170.0,71,8,24,0.9319372509308745,4,4,0,8,8
171.0,72,8,24,0.9330716300820266,4,4,0,8,8
172.0,72,8,24,0.9341871029139929,4,4,0,8,8
173.0,72,8,24,0.9352839845320929,4,4,0,8,8
174.0,71,8,25,0.9363625847898914,4,4,0,8,8
175.0,71,8,25,0.9374232083767265,4,4,0,8,8
176.0,71,8,25,0.9384661549037812,4,4,0,8,8
177.0,72,8,25,0.9394917189887182,4,4,0,8,8
178.0,72,8,25,0.9405001903389062,4,4,0,8,8
179.0,72,8,25,0.9414918538332577,4,4,0,8,8
180.0,73,8,25,0.9424669896027035,4,4,0,8,8
181.0,72,8,26,0.9434258731093251,4,4,0,8,8
182.0,72,8,26,0.9443687752241697,4,4,0,8,8
183.0,72,8,26,0.9452959623037669,4,4,0,8,8
184.0,72,8,26,0.9462076962653708,4,4,0,8,8
185.0,73,8,26,0.947104234660948,4,4,0,8,8
186.0,74,8,26,0.9479858307499321,4,4,0,8,8
187.0,74,8,26,0.9488527335707666,4,4,0,8,8
188.0,75,8,26,0.9497051880112538,4,4,0,8,8
189.0,74,8,27,0.950543434877733,4,4,0,8,8
190.0,74,8,27,0.9513677109631041,4,4,0,8,8
191.0,74,8,27,0.9521782491137191,4,4,0,8,8
192.0,74,8,27,0.952975278295157,4,4,0,8,8
193.0,74,8,27,0.9537590236569045,4,4,0,8,8
194.0,74,8,27,0.954529706595956,4,4,0,8,8
195.0,74,8,27,0.9552875448193567,4,4,0,8,8
196.0,73,8,28,0.9560327524057008,4,4,0,8,8
197.0,73,8,28,0.9567655398656059,4,4,0,8,8
198.0,73,8,28,0.9574861142011791,4,4,0,8,8
199.0,73,8,28,0.9581946789644928,4,4,0,8,8
200.0,73,8,28,0.9588914343150846,4,4,0,8,8
201.0,74,8,28,0.9595765770764999,4,4,0,8,8
202.0,75,8,28,0.9602503007918916,4,4,0,8,8
203.0,75,8,28,0.9609127957786934,4,4,0,8,8
204.0,75,8,28,0.9615642491823818,4,4,0,8,8
205.0,75,8,28,0.9622048450293421,4,4,0,8,8
206.0,74,8,29,0.9628347642788531,4,4,0,8,8
207.0,75,8,29,0.9634541848742055,4,4,0,8,8
208.0,75,8,29,0.9640632817929687,4,4,0,8,8
209.0,75,8,29,0.9646622270964192,4,4,0,8,8
210.0,75,8,29,0.9652511899781456,4,4,0,8,8
211.0,74,8,30,0.9658303368118432,4,4,0,8,8
212.0,74,8,30,0.9663998311983124,4,4,0,8,8
213.0,75,8,30,0.9669598340116738,4,4,0,8,8
214.0,75,8,30,0.9675105034448126,4,4,0,8,8
215.0,78,8,30,0.9680519950540657,4,4,0,8,8
216.0,78,8,30,0.9685844618031646,4,4,0,8,8
217.0,79,8,30,0.9691080541064452,4,4,0,8,8
218.0,80,8,30,0.9696229198713378,4,4,0,8,8
219.0,80,8,30,0.9701292045401488,4,4,0,8,8
220.0,80,8,30,0.9706270511311463,4,4,0,8,8
221.0,80,8,30,0.9711166002789605,4,4,0,8,8
222.0,79,8,31,0.9715979902743112,4,4,0,8,8
223.0,79,8,31,0.9720713571030727,4,4,0,8,8
224.0,79,8,31,0.9725368344846882,4,4,0,8,8
225.0,79,8,31,0.9729945539099434,4,4,0,8,8
226.0,81,8,31,0.973444644678111,4,4,0,8,8
227.0,82,8,31,0.9738872339334758,4,4,0,8,8
228.0,82,8,31,0.9743224467012511,4,4,0,8,8
229.0,83,8,31,0.974750405922897,4,4,0,8,8
230.0,83,8,31,0.9751712324908487,4,4,0,8,8
231.0,83,8,31,0.9755850452826679,4,4,0,8,8
232.0,84,8,31,0.9759919611946234,4,4,0,8,8
233.0,84,8,31,0.976392095174713,4,4,0,8,8
234.0,84,8,31,0.9767855602551345,4,4,0,8,8
235.0,84,8,31,0.9771724675842156,4,4,0,8,8
236.0,85,8,31,0.977552926457812,4,4,0,8,8
237.0,85,8,31,0.9779270443501819,4,4,0,8,8
238.0,85,8,31,0.9782949269443455,4,4,0,8,8
239.0,85,8,31,0.9786566781619397,4,4,0,8,8
240.0,85,8,32,0.9790124001925741,4,4,0,8,8
241.0,85,8,32,0.9793621935226978,4,4,0,8,8
242.0,84,8,33,0.9797061569639862,4,4,1,8,8
243.0,84,8,33,0.9800443876812531,4,4,1,8,8
244.0,84,8,33,0.9803769812198989,4,4,1,8,8
245.0,84,8,33,0.9807040315329006,4,4,1,8,8
246.0,85,8,33,0.9810256310073523,4,4,1,8,8
247.0,85,8,33,0.9813418704905631,4,4,1,8,8
248.0,85,8,33,0.9816528393157203,4,4,1,8,8
249.0,84,8,34,0.981958625327125,4,4,1,8,8
250.0,83,8,35,0.9822593149050062,4,4,2,8,8
251.0,83,8,35,0.9825549929899228,4,4,2,8,8
252.0,83,8,35,0.9828457431067574,4,4,2,8,8
253.0,83,8,35,0.9831316473883115,4,4,2,8,8
254.0,81,8,37,0.9834127865985063,4,4,2,8,8
255.0,81,8,37,0.9836892401551979,4,4,2,8,8
256.0,81,8,37,0.9839610861526112,4,4,2,8,8
257.0,81,8,37,0.9842284013834011,4,4,2,8,8
258.0,81,8,37,0.9844912613603444,4,4,2,8,8
259.0,81,8,37,0.9847497403376719,4,4,2,8,8
260.0,81,8,37,0.985003911332044,4,4,2,8,8
261.0,81,8,37,0.9852538461431766,4,4,2,8,8
262.0,81,8,37,0.9854996153741237,4,4,2,8,8
263.0,81,8,37,0.9857412884512217,4,4,2,8,8
264.0,81,8,37,0.9859789336437013,4,4,2,8,8
265.0,81,8,37,0.9862126180829729,4,4,2,8,8
266.0,81,8,37,0.98644240778159,4,4,2,8,8
267.0,81,8,37,0.9866683676518968,4,4,2,8,8
268.0,80,8,38,0.9868905615243652,4,4,2,8,8
269.0,80,8,38,0.9871090521656257,4,4,2,8,8
270.0,80,8,38,0.9873239012961986,4,4,2,8,8
271.0,80,8,38,0.9875351696079286,4,4,2,8,8
272.0,80,8,38,0.9877429167811298,4,4,2,8,8
273.0,82,8,38,0.9879472015014443,4,4,2,8,8
274.0,82,8,38,0.9881480814764203,4,4,2,8,8
275.0,82,8,38,0.9883456134518133,4,4,2,8,8
276.0,82,8,38,0.9885398532276164,4,4,2,8,8
277.0,83,8,38,0.9887308556738228,4,4,2,8,8
278.0,84,8,38,0.9889186747459258,4,4,2,8,8
279.0,84,8,38,0.9891033635001604,4,4,2,8,8
280.0,83,8,39,0.989284974108491,4,4,2,8,8
281.0,83,8,39,0.9894635578733495,4,4,2,8,8
282.0,83,8,39,0.989639165242127,4,4,2,8,8
283.0,83,8,39,0.9898118458214249,4,4,2,8,8
284.0,83,8,39,0.9899816483910678,4,4,2,8,8
285.0,83,8,39,0.9901486209178834,4,4,2,8,8
286.0,83,8,39,0.990312810569252,4,4,2,8,8
287.0,83,8,39,0.9904742637264311,4,4,2,8,8
288.0,84,8,39,0.9906330259976572,4,4,2,8,8
289.0,85,8,39,0.9907891422310297,4,4,2,8,8
290.0,85,8,39,0.9909426565271792,4,4,2,8,8
291.0,85,8,39,0.9910936122517262,4,4,2,8,8
292.0,85,8,39,0.9912420520475308,4,4,2,8,8
293.0,85,8,39,0.9913880178467386,4,4,2,8,8
294.0,85,8,39,0.9915315508826262,4,4,2,8,8
295.0,84,8,40,0.9916726917012492,4,4,3,8,8
296.0,83,8,41,0.991811480172895,4,4,3,8,8
297.0,83,8,41,0.9919479555033468,4,4,3,8,8
298.0,83,8,41,0.9920821562449577,4,4,3,8,8
299.0,82,8,42,0.9922141203075417,4,4,3,8,8
300.0,82,8,42,0.9923438849690828,4,4,3,8,8
301.0,81,8,43,0.9924714868862647,4,4,2,8,8
302.0,81,8,43,0.992596962104827,4,4,2,8,8
303.0,81,8,43,0.9927203460697465,4,4,2,8,8
304.0,83,8,43,0.9928416736352507,4,4,2,8,8
305.0,82,8,44,0.9929609790746632,4,4,2,8,8
306.0,82,8,44,0.9930782960900855,4,4,2,8,8
307.0,82,8,44,0.9931936578219174,4,4,2,8,8
308.0,82,8,44,0.9933070968582187,4,4,2,8,8
309.0,82,8,44,0.9934186452439151,4,4,2,8,8
310.0,82,8,44,0.9935283344898499,4,4,2,8,8
311.0,82,8,44,0.9936361955816857,4,4,2,8,8
312.0,82,8,44,0.9937422589886576,4,4,2,8,8
313.0,82,8,44,0.99384655467218,4,4,2,8,8
314.0,82,8,44,0.9939491120943102,4,4,2,8,8
315.0,82,8,44,0.9940499602260717,4,4,2,8,8
316.0,82,8,44,0.9941491275556372,4,4,2,8,8
317.0,82,8,44,0.9942466420963766,4,4,2,8,8
318.0,82,8,44,0.9943425313947704,4,4,2,8,8
319.0,82,8,44,0.9944368225381909,4,4,2,8,8
320.0,82,8,44,0.9945295421625544,4,4,2,8,8
321.0,82,8,44,0.9946207164598452,4,4,2,8,8
322.0,82,8,44,0.9947103711855144,4,4,2,8,8
323.0,82,8,44,0.9947985316657558,4,4,2,8,8
324.0,82,8,44,0.9948852228046599,4,4,2,8,8
325.0,82,8,44,0.9949704690912489,4,4,2,8,8
326.0,82,8,44,0.9950542946063947,4,4,2,8,8
327.0,81,8,45,0.9951367230296215,4,4,2,8,8
328.0,81,8,45,0.9952177776457946,4,4,2,8,8
329.0,81,8,45,0.9952974813516979,4,4,2,8,8
330.0,81,8,45,0.995375856662503,4,4,2,8,8
331.0,80,8,46,0.9954529257181279,4,4,2,8,8
332.0,80,8,46,0.9955287102894925,4,4,2,8,8
333.0,80,8,46,0.9956032317846677,4,4,2,8,8
334.0,80,8,46,0.9956765112549233,4,4,2,8,8
335.0,80,8,46,0.9957485694006746,4,4,2,8,8
336.0,80,8,46,0.99581942657733,4,4,2,8,8
337.0,80,8,46,0.9958891028010411,4,4,2,8,8
338.0,79,8,47,0.9959576177543571,4,4,2,8,8
339.0,79,8,47,0.9960249907917845,4,4,2,8,8
340.0,79,8,47,0.9960912409452548,4,4,2,8,8
341.0,79,8,47,0.9961563869295006,4,4,2,8,8
342.0,79,8,48,0.9962204471473423,4,4,1,8,8
343.0,79,8,48,0.9962834396948865,4,4,1,8,8
344.0,79,8,48,0.9963453823666384,4,4,1,8,8
345.0,79,8,48,0.9964062926605277,4,4,1,8,8
346.0,79,8,48,0.9964661877828522,4,4,1,8,8
347.0,79,8,48,0.996525084653138,4,4,1,8,8
348.0,80,8,48,0.9965829999089191,4,4,1,8,8
349.0,80,8,48,0.9966399499104371,4,4,1,8,8
350.0,81,8,48,0.9966959507452632,4,4,1,8,8
351.0,81,8,48,0.9967510182328422,4,4,1,8,8
352.0,80,8,49,0.9968051679289615,4,4,1,8,8
353.0,80,8,49,0.9968584151301454,4,4,1,8,8
354.0,80,8,49,0.9969107748779763,4,4,1,8,8
355.0,80,8,49,0.9969622619633434,4,4,1,8,8
356.0,80,8,49,0.997012890930621,4,4,1,8,8
357.0,80,8,49,0.9970626760817772,4,4,1,8,8
358.0,80,8,49,0.9971116314804143,4,4,1,8,8
359.0,80,8,49,0.9971597709557407,4,4,1,8,8
360.0,80,8,49,0.9972071081064784,4,4,1,8,8
361.0,80,8,49,0.9972536563047038,4,4,1,8,8
362.0,80,8,49,0.9972994286996254,4,4,1,8,8
363.0,80,8,49,0.9973444382212983,4,4,1,8,8
364.0,79,8,50,0.9973886975842766,4,4,1,8,8
365.0,81,8,50,0.9974322192912053,4,4,1,8,8
366.0,81,8,50,0.9974750156363519,4,4,1,8,8
367.0,81,8,50,0.9975170987090793,4,4,1,8,8
368.0,80,8,51,0.9975584803972614,4,4,1,8,8
369.0,80,8,51,0.9975991723906403,4,4,1,8,8
370.0,80,8,52,0.9976391861841296,4,4,2,8,8
371.0,80,8,52,0.9976785330810608,4,4,2,8,8
372.0,79,8,53,0.9977172241963764,4,4,2,8,8
373.0,79,8,53,0.9977552704597702,4,4,2,8,8
374.0,79,8,53,0.9977926826187741,4,4,2,8,8
375.0,79,8,53,0.9978294712417946,4,4,2,8,8
376.0,79,8,53,0.997865646721098,4,4,2,8,8
377.0,80,8,53,0.9979012192757464,4,4,2,8,8
378.0,81,8,53,0.9979361989544839,4,4,2,8,8
379.0,81,8,53,0.9979705956385758,4,4,2,8,8
380.0,81,8,53,0.9980044190445996,4,4,2,8,8
381.0,81,8,53,0.9980376787271896,4,4,2,8,8
382.0,81,8,53,0.9980703840817364,4,4,2,8,8
383.0,82,8,53,0.9981025443470408,4,4,2,8,8
384.0,82,8,53,0.9981341686079235,4,4,2,8,8
385.0,82,8,53,0.9981652657977914,4,4,2,8,8
386.0,83,8,53,0.9981958447011615,4,4,2,8,8
387.0,83,8,53,0.9982259139561421,4,4,2,8,8
388.0,83,8,53,0.9982554820568731,4,4,2,8,8
389.0,84,8,53,0.9982845573559253,4,4,2,8,8
390.0,84,8,53,0.9983131480666598,4,4,2,8,8
391.0,85,8,53,0.9983412622655489,4,4,2,8,8
392.0,84,8,54,0.9983689078944564,4,4,2,8,8
393.0,83,8,55,0.9983960927628821,4,4,2,8,8
394.0,83,8,55,0.9984228245501674,4,4,2,8,8
395.0,83,8,55,0.9984491108076646,4,4,2,8,8
396.0,83,8,55,0.9984749589608702,4,4,2,8,8
397.0,83,8,55,0.9985003763115224,4,4,2,8,8
398.0,83,8,55,0.9985253700396637,4,4,2,8,8
399.0,83,8,55,0.9985499472056693,4,4,2,8,8
400.0,82,8,56,0.9985741147522414,4,4,2,8,8
401.0,82,8,56,0.9985978795063708,4,4,2,8,8
402.0,81,8,57,0.9986212481812646,4,4,3,8,8
403.0,81,8,57,0.9986442273782435,4,4,3,8,8
404.0,81,8,57,0.9986668235886061,4,4,3,8,8
405.0,81,8,57,0.9986890431954627,4,4,3,8,8
406.0,80,8,58,0.9987108924755383,4,4,3,8,8
407.0,80,8,58,0.998732377600946,4,4,3,8,8
408.0,80,8,58,0.9987535046409303,4,4,3,8,8
409.0,80,8,58,0.9987742795635814,4,4,3,8,8
410.0,80,8,58,0.9987947082375217,4,4,3,8,8
411.0,80,8,58,0.998814796433563,4,4,3,8,8
412.0,81,8,58,0.9988345498263369,4,4,3,8,8
413.0,81,8,58,0.9988539739958979,4,4,3,8,8
414.0,81,8,58,0.9988730744292996,4,4,3,8,8
415.0,81,8,58,0.9988918565221446,4,4,3,8,8
416.0,80,8,59,0.9989103255801088,4,4,3,8,8
417.0,80,8,59,0.9989284868204403,4,4,3,8,8
418.0,79,8,60,0.998946345373433,4,4,3,8,8
419.0,79,8,60,0.9989639062838758,4,4,3,8,8
420.0,79,8,60,0.9989811745124778,4,4,3,8,8
421.0,79,8,60,0.9989981549372698,4,4,3,8,8
422.0,79,8,60,0.999014852354982,4,4,3,8,8
423.0,79,8,60,0.999031271482399,4,4,3,8,8
424.0,79,8,60,0.9990474169576924,4,4,3,8,8
425.0,79,8,60,0.9990632933417308,4,4,3,8,8
426.0,79,8,60,0.9990789051193687,4,4,3,8,8
427.0,79,8,60,0.9990942567007125,4,4,3,8,8
428.0,79,8,60,0.9991093524223673,4,4,3,8,8
429.0,79,8,60,0.9991241965486612,4,4,3,8,8
430.0,79,8,60,0.9991387932728503,4,4,3,8,8
431.0,79,8,60,0.9991531467183028,4,4,3,8,8
432.0,79,8,60,0.9991672609396645,4,4,3,8,8
433.0,78,8,61,0.9991811399240034,4,4,3,8,8
434.0,78,8,61,0.9991947875919367,4,4,3,8,8
435.0,78,8,61,0.9992082077987378,4,4,3,8,8
436.0,78,8,61,0.9992214043354255,4,4,3,8,8
437.0,78,8,61,0.9992343809298351,4,4,3,8,8
438.0,78,8,61,0.9992471412476711,4,4,3,8,8
439.0,78,8,61,0.9992596888935432,4,4,3,8,8
440.0,77,8,62,0.9992720274119842,4,4,3,8,8
441.0,77,8,62,0.9992841602884511,4,4,3,8,8
442.0,77,8,62,0.9992960909503102,4,4,3,8,8
443.0,77,8,62,0.999307822767805,4,4,3,8,8
444.0,77,8,62,0.9993193590550083,4,4,3,8,8
445.0,77,8,62,0.9993307030707582,4,4,3,8,8
446.0,77,8,62,0.9993418580195789,4,4,3,8,8
447.0,77,8,62,0.9993528270525859,4,4,3,8,8
448.0,77,8,62,0.9993636132683761,4,4,3,8,8
449.0,77,8,62,0.9993742197139032,4,4,3,8,8
450.0,77,8,62,0.9993846493853381,4,4,3,8,8
451.0,77,8,62,0.9993949052289158,4,4,3,8,8
452.0,77,8,62,0.9994049901417672,4,4,3,8,8
453.0,77,8,62,0.9994149069727377,4,4,3,8,8
454.0,77,8,62,0.9994246585231921,4,4,3,8,8
455.0,77,8,62,0.9994342475478055,4,4,3,8,8
456.0,77,8,62,0.9994436767553421,4,4,3,8,8
457.0,76,8,63,0.9994529488094197,4,4,3,8,8
458.0,76,8,63,0.9994620663292627,4,4,3,8,8
459.0,76,8,63,0.9994710318904416,4,4,3,8,8
460.0,75,8,64,0.999479848025601,4,4,3,8,8
461.0,74,8,65,0.9994885172251743,4,4,3,8,8
462.0,73,8,66,0.9994970419380881,4,4,3,8,8
463.0,73,8,66,0.9995054245724533,4,4,3,8,8
464.0,73,8,66,0.9995136674962457,4,4,3,8,8
465.0,73,8,66,0.999521773037975,4,4,3,8,8
466.0,73,8,66,0.999529743487342,4,4,3,8,8
467.0,73,8,66,0.9995375810958863,4,4,3,8,8
468.0,73,8,66,0.9995452880776216,4,4,3,8,8
469.0,73,8,66,0.9995528666096611,4,4,3,8,8
470.0,73,8,66,0.9995603188328335,4,4,3,8,8
471.0,73,8,66,0.9995676468522863,4,4,3,8,8
472.0,73,8,66,0.9995748527380816,4,4,3,8,8
473.0,73,8,66,0.9995819385257801,4,4,3,8,8
474.0,73,8,66,0.9995889062170171,4,4,3,8,8
475.0,73,8,66,0.9995957577800668,4,4,3,8,8
476.0,74,8,66,0.999602495150399,4,4,3,8,8
477.0,74,8,66,0.9996091202312257,4,4,3,8,8
478.0,74,8,66,0.9996156348940386,4,4,3,8,8
479.0,74,8,66,0.999622040979138,4,4,3,8,8
480.0,74,8,66,0.9996283402961523,4,4,3,8,8
